year,predict_income
2016,38128.479824123206
2017,38967.187968052225
2018,39805.89611198148
2019,40644.6042559105
2020,41483.31239983975
2021,42322.02054376877
2022,43160.72868769802
2023,43999.43683162704
2024,44838.14497555629
2025,45676.85311948531
2026,46515.561263414565
2027,47354.269407343585
2028,48192.97755127284
2029,49031.68569520186
2030,49870.39383913111
2031,50709.10198306013
2032,51547.81012698938
2033,52386.5182709184
2034,53225.22641484765
